user_guid,last_6_days_recommend,last_6_days_bought,recommends,bought,recommend_rice_roti,recommend_subji,recommend_dal,not_recommended
500,"[[77, 93, 34], [89, 81, 97], [174, 124, 219], [50, 57, 64], [220, 83, 131], [11, 198, 136]]","[[204, 14, 183, 107], [81, 61, 220, 44], [104, 98, 33, 222], [19, 79, 63, 27], [46, 181, 154, 48], [94, 150, 158, 157]]","[119, 82, 87, 22, 65]","[17, 142, 147, 52]","[208, 178, 0, 205, 114]","[119, 3, 36, 111, 164]","[142, 172, 90, 173, 179]","[77, 93, 34, 89, 81, 97, 174, 124, 219, 50, 57, 64, 220, 83, 131, 11, 198, 136]"
501,"[[29, 37, 113], [112, 42, 14], [209, 25, 139], [145, 52, 162], [154, 221, 48], [128, 31, 60]]","[[160, 47, 157], [35, 151, 135], [20, 94, 70], [204, 217, 197], [62, 106, 188], [193, 13, 3]]","[126, 88, 130, 219, 186]","[59, 131, 91, 100, 14]","[152, 91, 151, 53, 118]","[81, 197, 74, 90, 60]","[98, 56, 99, 143, 139]","[29, 37, 113, 112, 42, 14, 209, 25, 139, 145, 52, 162, 154, 221, 48, 128, 31, 60]"
502,"[[90, 175, 170], [69, 200, 203], [178, 51, 136], [39, 132, 63], [93, 221, 67], [85, 90, 45]]","[[], [], [], [], [], []]","[75, 223, 84, 200, 204]","[149, 191, 119]","[105, 98, 30, 84, 68]","[40, 101, 17, 65, 74]","[51, 118, 170, 40, 67]","[90, 175, 170, 69, 200, 203, 178, 51, 136, 39, 132, 63, 93, 221, 67, 85, 90, 45]"
503,"[[88, 30, 39], [89, 141, 8], [145, 190, 83], [194, 157, 165], [15, 31, 163], [13, 157, 27]]","[[151, 90, 146, 101], [89, 134, 23, 182], [187, 23, 65, 78], [99, 98, 192, 135], [169, 15, 38, 32], [6, 41, 48, 105]]","[120, 26, 207, 89, 93]","[147, 166]","[4, 207, 47, 43, 114]","[149, 68, 30, 42, 156]","[184, 53, 196, 105, 147]","[88, 30, 39, 89, 141, 8, 145, 190, 83, 194, 157, 165, 15, 31, 163, 13, 157, 27]"
504,"[[57, 175, 69], [33, 59, 5], [156, 154, 178], [87, 131, 142], [49, 212, 155], [196, 185, 22]]","[[98, 155, 219, 35, 184], [114, 33, 32, 76, 143], [184, 168, 25, 67, 68], [132, 5, 42, 56, 10], [76, 191, 26, 148, 3], [30, 190, 183, 83, 46]]","[105, 154, 133, 117, 87]","[189, 97, 41, 28]","[166, 171, 223, 96, 224]","[123, 108, 198, 190, 73]","[108, 69, 72, 62, 47]","[57, 175, 69, 33, 59, 5, 156, 154, 178, 87, 131, 142, 49, 212, 155, 196, 185, 22]"
505,"[[103, 77, 57], [137, 123, 79], [144, 3, 57], [56, 210, 145], [15, 39, 141], [224, 128, 114]]","[[], [], [], [], [], []]","[139, 73, 65, 87, 44]","[103, 125, 134, 51, 31]","[66, 204, 34, 3, 9]","[138, 6, 12, 167, 149]","[168, 206, 115, 7, 132]","[103, 77, 57, 137, 123, 79, 144, 3, 57, 56, 210, 145, 15, 39, 141, 224, 128, 114]"
506,"[[205, 91, 219], [218, 87, 186], [83, 222, 157], [71, 62, 18], [42, 169, 209], [133, 167, 99]]","[[218, 222], [35, 157], [26, 49], [52, 219], [174, 130], [200, 186]]","[78, 201, 171, 29, 131]","[65, 143, 170]","[128, 213, 156, 170, 220]","[86, 4, 132, 9, 72]","[153, 49, 29, 10, 17]","[205, 91, 219, 218, 87, 186, 83, 222, 157, 71, 62, 18, 42, 169, 209, 133, 167, 99]"
507,"[[170, 106, 132], [62, 9, 141], [86, 209, 187], [59, 160, 122], [190, 55, 114], [210, 106, 4]]","[[54, 173], [2, 103], [160, 117], [91, 20], [200, 112], [223, 46]]","[73, 47, 175, 147, 180]",[109],"[195, 114, 224, 173, 217]","[119, 180, 42, 110, 44]","[165, 123, 167, 169, 184]","[170, 106, 132, 62, 9, 141, 86, 209, 187, 59, 160, 122, 190, 55, 114, 210, 106, 4]"
508,"[[117, 42, 134], [163, 60, 174], [222, 203, 6], [120, 212, 83], [194, 138, 105], [49, 202, 56]]","[[62, 136], [20, 36], [102, 12], [168, 183], [183, 223], [65, 66]]","[63, 90, 181, 38, 14]",[],"[98, 218, 63, 223, 135]","[172, 199, 16, 218, 99]","[87, 15, 61, 56, 223]","[117, 42, 134, 163, 60, 174, 222, 203, 6, 120, 212, 83, 194, 138, 105, 49, 202, 56]"
509,"[[97, 193, 152], [127, 139, 15], [167, 14, 150], [91, 55, 20], [71, 11, 35], [186, 32, 48]]","[[33, 26, 135], [20, 69, 61], [72, 47, 165], [119, 223, 35], [155, 214, 25], [216, 41, 126]]","[37, 187, 21, 212, 171]","[61, 200]","[48, 182, 164, 217, 147]","[141, 8, 182, 195, 26]","[42, 148, 74, 126, 206]","[97, 193, 152, 127, 139, 15, 167, 14, 150, 91, 55, 20, 71, 11, 35, 186, 32, 48]"
510,"[[143, 191, 161], [208, 55, 170], [6, 113, 119], [165, 62, 42], [142, 39, 187], [48, 145, 192]]","[[], [], [], [], [], []]","[29, 10, 99, 100, 210]","[16, 193, 214, 79]","[20, 127, 176, 211, 157]","[211, 0, 210, 181, 117]","[140, 2, 210, 159, 221]","[143, 191, 161, 208, 55, 170, 6, 113, 119, 165, 62, 42, 142, 39, 187, 48, 145, 192]"
511,"[[195, 193, 5], [191, 33, 192], [205, 84, 149], [46, 205, 102], [30, 172, 56], [188, 35, 138]]","[[146, 196, 122, 52], [94, 5, 110, 131], [34, 39, 11, 213], [16, 91, 217, 97], [112, 189, 7, 160], [156, 190, 111, 154]]","[56, 214, 194, 134, 70]","[184, 185, 204]","[39, 212, 52, 189, 186]","[135, 36, 195, 35, 9]","[187, 69, 91, 220, 153]","[195, 193, 5, 191, 33, 192, 205, 84, 149, 46, 205, 102, 30, 172, 56, 188, 35, 138]"
512,"[[79, 28, 222], [72, 30, 64], [46, 18, 193], [165, 68, 158], [171, 202, 197], [63, 193, 126]]","[[69, 62, 156, 42, 174], [111, 36, 157, 49, 144], [202, 172, 92, 5, 115], [41, 138, 76, 17, 195], [61, 14, 18, 177, 125], [122, 155, 223, 183, 126]]","[198, 128, 104, 193, 43]",[],"[221, 132, 129, 71, 203]","[130, 119, 163, 12, 43]","[79, 38, 135, 151, 165]","[79, 28, 222, 72, 30, 64, 46, 18, 193, 165, 68, 158, 171, 202, 197, 63, 193, 126]"
513,"[[172, 31, 207], [198, 45, 180], [143, 141, 63], [210, 178, 10], [101, 211, 153], [37, 41, 62]]","[[22], [6], [64], [161], [186], [53]]","[18, 136, 121, 224, 219]","[224, 99, 41]","[117, 45, 4, 170, 6]","[212, 198, 164, 89, 157]","[50, 199, 195, 23, 134]","[172, 31, 207, 198, 45, 180, 143, 141, 63, 210, 178, 10, 101, 211, 153, 37, 41, 62]"
514,"[[11, 142, 121], [5, 138, 125], [195, 32, 170], [196, 118, 29], [52, 104, 147], [59, 19, 94]]","[[220, 99, 129, 48, 214], [66, 187, 141, 29, 218], [76, 223, 159, 187, 199], [24, 83, 200, 158, 220], [122, 190, 195, 29, 137], [66, 4, 70, 142, 11]]","[117, 114, 188, 95, 76]",[17],"[162, 75, 84, 55, 70]","[149, 125, 188, 203, 151]","[68, 178, 14, 143, 133]","[11, 142, 121, 5, 138, 125, 195, 32, 170, 196, 118, 29, 52, 104, 147, 59, 19, 94]"
515,"[[47, 68, 157], [162, 124, 221], [121, 170, 21], [39, 67, 76], [0, 205, 43], [159, 181, 121]]","[[65, 165, 215, 102], [121, 158, 133, 71], [217, 12, 4, 69], [12, 57, 111, 98], [222, 153, 46, 130], [199, 203, 35, 50]]","[33, 193, 65, 149, 102]","[67, 208, 172, 30]","[205, 43, 224, 112, 134]","[81, 112, 60, 38, 123]","[28, 148, 136, 104, 90]","[47, 68, 157, 162, 124, 221, 121, 170, 21, 39, 67, 76, 0, 205, 43, 159, 181, 121]"
516,"[[129, 33, 195], [133, 70, 224], [146, 86, 113], [144, 163, 33], [207, 7, 110], [84, 144, 8]]","[[190, 212], [100, 174], [99, 29], [129, 51], [41, 211], [38, 207]]","[139, 205, 21, 184, 192]","[33, 59, 118]","[213, 219, 136, 191, 44]","[151, 206, 44, 38, 27]","[173, 151, 98, 141, 130]","[129, 33, 195, 133, 70, 224, 146, 86, 113, 144, 163, 33, 207, 7, 110, 84, 144, 8]"
517,"[[161, 187, 34], [220, 195, 87], [90, 195, 149], [212, 28, 187], [115, 155, 53], [105, 131, 186]]","[[45, 137, 50, 122], [86, 192, 58, 130], [58, 124, 141, 3], [120, 102, 168, 23], [206, 48, 43, 138], [67, 198, 184, 20]]","[116, 169, 137, 124, 37]","[105, 121]","[65, 105, 149, 83, 23]","[220, 116, 160, 59, 40]","[172, 15, 104, 114, 41]","[161, 187, 34, 220, 195, 87, 90, 195, 149, 212, 28, 187, 115, 155, 53, 105, 131, 186]"
518,"[[30, 192, 18], [28, 216, 186], [201, 141, 34], [86, 97, 104], [57, 49, 106], [95, 100, 221]]","[[], [], [], [], [], []]","[101, 37, 156, 213, 205]","[127, 220, 116]","[52, 98, 224, 37, 203]","[89, 148, 3, 149, 166]","[3, 119, 118, 112, 144]","[30, 192, 18, 28, 216, 186, 201, 141, 34, 86, 97, 104, 57, 49, 106, 95, 100, 221]"
519,"[[132, 170, 91], [139, 217, 70], [182, 132, 196], [166, 164, 99], [134, 84, 43], [151, 50, 27]]","[[83, 88, 129, 157, 47], [147, 28, 207, 68, 170], [179, 174, 76, 140, 25], [201, 38, 53, 108, 21], [51, 14, 68, 44, 41], [162, 176, 121, 75, 166]]","[50, 92, 127, 51, 69]",[],"[21, 8, 218, 126, 188]","[183, 201, 165, 204, 147]","[224, 182, 209, 112, 100]","[132, 170, 91, 139, 217, 70, 182, 132, 196, 166, 164, 99, 134, 84, 43, 151, 50, 27]"
520,"[[140, 26, 97], [60, 115, 139], [207, 0, 42], [19, 89, 224], [23, 155, 203], [148, 61, 134]]","[[29, 114, 117, 21, 67], [8, 206, 110, 17, 191], [102, 111, 42, 50, 178], [13, 11, 112, 168, 141], [131, 4, 207, 49, 20], [70, 173, 204, 223, 27]]","[143, 80, 3, 76, 177]",[],"[137, 2, 129, 96, 38]","[207, 47, 105, 102, 12]","[5, 12, 100, 178, 28]","[140, 26, 97, 60, 115, 139, 207, 0, 42, 19, 89, 224, 23, 155, 203, 148, 61, 134]"
521,"[[196, 211, 67], [89, 155, 130], [165, 160, 200], [65, 206, 56], [65, 68, 6], [24, 211, 153]]","[[71, 17, 198, 66], [193, 206, 141, 131], [215, 62, 222, 9], [88, 147, 217, 4], [113, 32, 19, 85], [18, 217, 216, 204]]","[79, 50, 180, 71, 15]",[215],"[156, 40, 189, 163, 10]","[64, 138, 215, 133, 114]","[159, 104, 41, 44, 152]","[196, 211, 67, 89, 155, 130, 165, 160, 200, 65, 206, 56, 65, 68, 6, 24, 211, 153]"
522,"[[1, 196, 117], [191, 17, 177], [85, 122, 117], [100, 114, 65], [25, 84, 217], [138, 198, 82]]","[[27, 206, 36], [206, 9, 90], [52, 215, 29], [223, 39, 129], [71, 75, 88], [62, 0, 86]]","[43, 210, 131, 57, 170]","[0, 100, 74, 99, 205]","[224, 62, 0, 179, 20]","[9, 118, 88, 168, 82]","[17, 65, 129, 73, 189]","[1, 196, 117, 191, 17, 177, 85, 122, 117, 100, 114, 65, 25, 84, 217, 138, 198, 82]"
523,"[[83, 202, 21], [180, 30, 204], [103, 97, 124], [112, 23, 118], [24, 191, 151], [40, 147, 0]]","[[117, 40], [158, 154], [190, 220], [32, 100], [128, 187], [106, 0]]","[102, 210, 64, 12, 189]","[39, 197, 192]","[76, 141, 25, 57, 55]","[177, 115, 56, 7, 52]","[30, 11, 85, 127, 86]","[83, 202, 21, 180, 30, 204, 103, 97, 124, 112, 23, 118, 24, 191, 151, 40, 147, 0]"
524,"[[27, 104, 170], [186, 51, 83], [170, 161, 45], [113, 112, 45], [132, 8, 180], [131, 166, 8]]","[[76, 171], [200, 212], [95, 118], [142, 165], [64, 82], [101, 17]]","[149, 188, 78, 211, 168]","[3, 105, 16, 216, 179]","[176, 137, 72, 75, 45]","[29, 177, 140, 8, 180]","[72, 181, 75, 120, 183]","[27, 104, 170, 186, 51, 83, 170, 161, 45, 113, 112, 45, 132, 8, 180, 131, 166, 8]"
525,"[[220, 187, 206], [94, 76, 36], [215, 201, 73], [183, 200, 103], [123, 148, 87], [66, 52, 217]]","[[], [], [], [], [], []]","[183, 51, 4, 50, 8]","[139, 71, 130]","[111, 45, 166, 147, 73]","[212, 23, 142, 86, 51]","[7, 10, 40, 204, 58]","[220, 187, 206, 94, 76, 36, 215, 201, 73, 183, 200, 103, 123, 148, 87, 66, 52, 217]"
526,"[[199, 42, 104], [224, 193, 62], [188, 184, 58], [189, 224, 138], [206, 52, 127], [194, 108, 161]]","[[135, 164, 3], [106, 32, 37], [105, 73, 11], [220, 14, 42], [167, 57, 91], [157, 172, 13]]","[184, 89, 8, 99, 185]","[184, 78]","[172, 103, 218, 133, 160]","[179, 167, 53, 25, 67]","[148, 190, 47, 119, 189]","[199, 42, 104, 224, 193, 62, 188, 184, 58, 189, 224, 138, 206, 52, 127, 194, 108, 161]"
527,"[[201, 136, 152], [99, 130, 13], [11, 128, 154], [1, 84, 67], [39, 170, 100], [218, 29, 84]]","[[49], [13], [20], [146], [28], [63]]","[194, 190, 58, 45, 103]",[],"[82, 22, 117, 162, 84]","[26, 126, 168, 93, 87]","[7, 154, 92, 201, 149]","[201, 136, 152, 99, 130, 13, 11, 128, 154, 1, 84, 67, 39, 170, 100, 218, 29, 84]"
528,"[[143, 193, 119], [173, 16, 142], [171, 121, 158], [210, 172, 50], [113, 14, 36], [61, 156, 16]]","[[218], [50], [217], [176], [208], [146]]","[40, 217, 215, 50, 56]","[165, 91]","[142, 206, 131, 24, 84]","[149, 2, 173, 217, 99]","[169, 44, 43, 215, 124]","[143, 193, 119, 173, 16, 142, 171, 121, 158, 210, 172, 50, 113, 14, 36, 61, 156, 16]"
529,"[[154, 84, 179], [200, 15, 220], [150, 41, 202], [49, 203, 79], [165, 172, 42], [114, 56, 172]]","[[191, 147, 57], [16, 121, 151], [154, 183, 69], [139, 114, 156], [132, 179, 53], [33, 22, 149]]","[94, 31, 7, 153, 86]","[208, 109, 73]","[61, 123, 6, 101, 176]","[6, 207, 205, 95, 9]","[192, 29, 164, 3, 188]","[154, 84, 179, 200, 15, 220, 150, 41, 202, 49, 203, 79, 165, 172, 42, 114, 56, 172]"
530,"[[84, 173, 114], [150, 140, 25], [158, 206, 83], [52, 13, 76], [5, 11, 208], [33, 204, 171]]","[[131, 216, 132, 117, 193], [113, 170, 7, 205, 21], [60, 161, 55, 151, 192], [123, 127, 61, 168, 150], [210, 99, 124, 24, 165], [117, 79, 94, 165, 87]]","[34, 174, 38, 102, 124]","[14, 119, 206, 157, 142]","[20, 158, 125, 216, 148]","[177, 57, 223, 213, 184]","[154, 101, 10, 199, 206]","[84, 173, 114, 150, 140, 25, 158, 206, 83, 52, 13, 76, 5, 11, 208, 33, 204, 171]"
531,"[[134, 3, 140], [48, 196, 149], [165, 2, 84], [32, 170, 114], [7, 58, 19], [213, 112, 67]]","[[121, 78], [181, 202], [187, 38], [24, 195], [104, 89], [175, 141]]","[67, 218, 3, 88, 81]","[94, 146, 56, 16]","[89, 161, 117, 136, 111]","[63, 202, 194, 216, 174]","[37, 19, 115, 1, 129]","[134, 3, 140, 48, 196, 149, 165, 2, 84, 32, 170, 114, 7, 58, 19, 213, 112, 67]"
532,"[[78, 47, 76], [182, 184, 165], [24, 125, 38], [54, 131, 186], [158, 82, 161], [179, 71, 123]]","[[58, 105, 51], [162, 184, 169], [113, 4, 154], [154, 32, 188], [173, 13, 164], [101, 135, 29]]","[128, 21, 81, 115, 63]","[174, 52, 109, 169, 47]","[45, 95, 206, 87, 53]","[116, 81, 109, 192, 121]","[131, 89, 98, 133, 74]","[78, 47, 76, 182, 184, 165, 24, 125, 38, 54, 131, 186, 158, 82, 161, 179, 71, 123]"
533,"[[138, 36, 2], [98, 208, 154], [125, 88, 42], [131, 49, 122], [80, 190, 118], [42, 60, 190]]","[[55, 174, 221, 158], [221, 11, 212, 196], [155, 64, 145, 137], [20, 15, 81, 78], [33, 219, 200, 159], [0, 114, 218, 149]]","[178, 179, 132, 125, 203]",[104],"[118, 83, 165, 63, 12]","[103, 160, 63, 141, 52]","[124, 14, 103, 68, 115]","[138, 36, 2, 98, 208, 154, 125, 88, 42, 131, 49, 122, 80, 190, 118, 42, 60, 190]"
534,"[[122, 24, 159], [50, 58, 98], [146, 45, 139], [92, 221, 35], [203, 186, 74], [56, 12, 49]]","[[], [], [], [], [], []]","[222, 141, 93, 59, 169]","[139, 20, 54, 9]","[193, 172, 70, 117, 213]","[101, 122, 79, 38, 202]","[72, 222, 2, 79, 201]","[122, 24, 159, 50, 58, 98, 146, 45, 139, 92, 221, 35, 203, 186, 74, 56, 12, 49]"
535,"[[174, 112, 37], [119, 213, 58], [21, 120, 110], [221, 129, 166], [153, 117, 15], [38, 108, 88]]","[[185, 106, 166, 178, 34], [159, 107, 26, 85, 70], [86, 48, 157, 224, 35], [59, 51, 24, 82, 108], [212, 101, 141, 134, 138], [131, 13, 28, 185, 211]]","[7, 140, 32, 105, 210]",[54],"[141, 75, 186, 199, 45]","[47, 79, 39, 106, 109]","[190, 170, 141, 44, 99]","[174, 112, 37, 119, 213, 58, 21, 120, 110, 221, 129, 166, 153, 117, 15, 38, 108, 88]"
536,"[[32, 151, 214], [128, 178, 174], [99, 18, 163], [41, 140, 81], [170, 147, 91], [158, 160, 18]]","[[115, 150], [133, 109], [216, 141], [127, 122], [58, 197], [3, 17]]","[107, 61, 48, 181, 59]","[32, 164, 90, 17, 197]","[132, 179, 106, 17, 46]","[222, 32, 128, 118, 127]","[124, 211, 191, 43, 224]","[32, 151, 214, 128, 178, 174, 99, 18, 163, 41, 140, 81, 170, 147, 91, 158, 160, 18]"
537,"[[28, 135, 204], [173, 8, 75], [205, 2, 206], [12, 196, 51], [183, 197, 144], [99, 68, 208]]","[[164, 209], [57, 103], [189, 135], [191, 120], [170, 173], [67, 145]]","[147, 86, 34, 82, 195]","[219, 177]","[148, 221, 216, 32, 6]","[4, 104, 6, 158, 215]","[43, 161, 144, 24, 165]","[28, 135, 204, 173, 8, 75, 205, 2, 206, 12, 196, 51, 183, 197, 144, 99, 68, 208]"
538,"[[71, 178, 118], [90, 88, 114], [138, 23, 149], [34, 114, 81], [151, 0, 55], [116, 148, 6]]","[[], [], [], [], [], []]","[179, 77, 219, 196, 206]","[137, 118]","[9, 52, 220, 44, 105]","[67, 212, 209, 95, 156]","[126, 174, 53, 202, 71]","[71, 178, 118, 90, 88, 114, 138, 23, 149, 34, 114, 81, 151, 0, 55, 116, 148, 6]"
539,"[[91, 204, 75], [97, 151, 157], [211, 193, 4], [137, 96, 111], [124, 29, 177], [74, 105, 129]]","[[181, 222], [16, 172], [199, 42], [216, 126], [63, 204], [101, 5]]","[175, 88, 92, 57, 206]",[52],"[34, 110, 188, 162, 131]","[22, 101, 198, 116, 85]","[45, 142, 171, 184, 42]","[91, 204, 75, 97, 151, 157, 211, 193, 4, 137, 96, 111, 124, 29, 177, 74, 105, 129]"
540,"[[187, 76, 157], [60, 7, 80], [106, 50, 160], [92, 137, 165], [89, 53, 107], [139, 77, 169]]","[[62, 41, 32, 196], [145, 69, 220, 111], [144, 132, 78, 125], [95, 11, 67, 172], [210, 86, 158, 59], [199, 133, 106, 212]]","[161, 122, 62, 19, 7]","[106, 142, 182, 128]","[154, 208, 142, 140, 153]","[26, 24, 209, 2, 20]","[159, 144, 162, 10, 30]","[187, 76, 157, 60, 7, 80, 106, 50, 160, 92, 137, 165, 89, 53, 107, 139, 77, 169]"
541,"[[220, 86, 126], [38, 26, 3], [188, 34, 159], [149, 194, 124], [21, 92, 87], [54, 163, 77]]","[[], [], [], [], [], []]","[209, 131, 90, 135, 30]","[108, 217, 95, 122]","[185, 12, 152, 102, 100]","[117, 52, 177, 207, 47]","[68, 158, 133, 142, 224]","[220, 86, 126, 38, 26, 3, 188, 34, 159, 149, 194, 124, 21, 92, 87, 54, 163, 77]"
542,"[[32, 108, 176], [84, 46, 85], [113, 103, 188], [115, 153, 6], [97, 101, 23], [97, 40, 51]]","[[40, 113, 190, 132, 21], [14, 135, 224, 156, 128], [81, 201, 113, 128, 101], [34, 90, 10, 139, 172], [213, 133, 34, 51, 190], [197, 107, 70, 69, 127]]","[197, 38, 161, 188, 6]","[220, 128]","[166, 116, 205, 219, 186]","[28, 209, 48, 9, 217]","[30, 157, 151, 207, 120]","[32, 108, 176, 84, 46, 85, 113, 103, 188, 115, 153, 6, 97, 101, 23, 97, 40, 51]"
543,"[[146, 114, 117], [53, 12, 187], [90, 8, 124], [211, 23, 156], [133, 54, 198], [14, 208, 101]]","[[143], [102], [196], [117], [119], [33]]","[110, 123, 213, 95, 49]","[130, 32]","[49, 147, 148, 184, 180]","[68, 218, 64, 94, 88]","[72, 29, 201, 207, 32]","[146, 114, 117, 53, 12, 187, 90, 8, 124, 211, 23, 156, 133, 54, 198, 14, 208, 101]"
544,"[[164, 178, 52], [123, 98, 68], [209, 59, 74], [147, 180, 22], [181, 211, 129], [179, 145, 223]]","[[223, 104, 75, 154, 203], [168, 4, 63, 214, 107], [185, 212, 224, 221, 41], [134, 37, 136, 111, 78], [117, 142, 62, 186, 191], [191, 29, 168, 155, 111]]","[160, 181, 37, 216, 31]","[214, 135, 146, 56]","[141, 136, 99, 74, 45]","[94, 224, 30, 129, 170]","[104, 28, 187, 117, 76]","[164, 178, 52, 123, 98, 68, 209, 59, 74, 147, 180, 22, 181, 211, 129, 179, 145, 223]"
545,"[[69, 28, 127], [131, 6, 156], [37, 133, 141], [31, 136, 108], [82, 55, 181], [119, 76, 176]]","[[133, 116, 170, 186, 153], [173, 90, 14, 128, 162], [90, 195, 115, 23, 46], [168, 117, 32, 116, 74], [147, 89, 52, 133, 195], [44, 189, 186, 13, 107]]","[210, 130, 124, 76, 211]","[166, 29, 193, 14]","[178, 195, 107, 5, 114]","[82, 104, 77, 47, 142]","[205, 196, 2, 175, 219]","[69, 28, 127, 131, 6, 156, 37, 133, 141, 31, 136, 108, 82, 55, 181, 119, 76, 176]"
546,"[[157, 123, 121], [136, 221, 102], [216, 95, 77], [13, 202, 159], [8, 66, 4], [93, 83, 124]]","[[174, 75, 111], [47, 200, 146], [148, 34, 50], [193, 150, 37], [111, 14, 79], [120, 129, 202]]","[110, 57, 45, 82, 128]",[181],"[174, 45, 70, 202, 96]","[132, 168, 15, 154, 90]","[80, 176, 87, 206, 33]","[157, 123, 121, 136, 221, 102, 216, 95, 77, 13, 202, 159, 8, 66, 4, 93, 83, 124]"
547,"[[6, 7, 10], [84, 133, 43], [168, 201, 169], [198, 141, 191], [224, 147, 145], [160, 57, 14]]","[[182], [60], [23], [66], [26], [207]]","[83, 132, 159, 131, 63]","[198, 170, 103, 142]","[99, 207, 76, 173, 219]","[39, 108, 159, 183, 172]","[153, 107, 156, 202, 201]","[6, 7, 10, 84, 133, 43, 168, 201, 169, 198, 141, 191, 224, 147, 145, 160, 57, 14]"
548,"[[58, 12, 31], [83, 210, 160], [109, 174, 190], [163, 105, 153], [25, 124, 170], [137, 153, 134]]","[[193], [156], [157], [44], [170], [207]]","[13, 64, 3, 34, 179]","[181, 3, 79, 51]","[165, 14, 122, 155, 193]","[45, 110, 161, 77, 26]","[28, 221, 201, 45, 63]","[58, 12, 31, 83, 210, 160, 109, 174, 190, 163, 105, 153, 25, 124, 170, 137, 153, 134]"
549,"[[39, 201, 208], [127, 106, 209], [167, 100, 84], [61, 34, 223], [116, 194, 161], [37, 175, 180]]","[[218, 65], [22, 75], [204, 86], [105, 118], [141, 10], [191, 90]]","[143, 124, 44, 110, 87]","[113, 220, 140]","[219, 73, 79, 19, 83]","[174, 112, 51, 7, 202]","[66, 35, 166, 45, 210]","[39, 201, 208, 127, 106, 209, 167, 100, 84, 61, 34, 223, 116, 194, 161, 37, 175, 180]"
550,"[[208, 51, 38], [143, 207, 83], [178, 188, 113], [96, 69, 216], [2, 21, 220], [88, 43, 131]]","[[113], [211], [111], [15], [91], [70]]","[91, 158, 24, 5, 98]","[164, 1, 45, 61]","[178, 136, 34, 212, 46]","[215, 206, 62, 28, 212]","[32, 26, 216, 158, 177]","[208, 51, 38, 143, 207, 83, 178, 188, 113, 96, 69, 216, 2, 21, 220, 88, 43, 131]"
551,"[[60, 137, 28], [54, 215, 177], [90, 170, 202], [19, 128, 63], [137, 209, 98], [75, 206, 115]]","[[], [], [], [], [], []]","[192, 13, 151, 162, 62]","[89, 127, 151]","[124, 59, 15, 17, 5]","[154, 98, 41, 65, 6]","[224, 97, 105, 190, 100]","[60, 137, 28, 54, 215, 177, 90, 170, 202, 19, 128, 63, 137, 209, 98, 75, 206, 115]"
552,"[[160, 78, 15], [157, 178, 45], [206, 132, 131], [138, 5, 160], [25, 122, 175], [118, 80, 95]]","[[97, 54], [110, 199], [215, 112], [55, 172], [110, 211], [146, 110]]","[125, 129, 65, 91, 219]","[118, 123, 162, 164]","[8, 91, 49, 210, 140]","[26, 157, 217, 19, 74]","[39, 87, 93, 46, 36]","[160, 78, 15, 157, 178, 45, 206, 132, 131, 138, 5, 160, 25, 122, 175, 118, 80, 95]"
553,"[[83, 94, 71], [158, 36, 60], [0, 165, 191], [184, 156, 101], [68, 127, 115], [72, 182, 201]]","[[124, 144, 128], [67, 165, 70], [219, 61, 165], [51, 188, 70], [76, 42, 69], [215, 29, 206]]","[124, 87, 180, 159, 148]",[],"[153, 67, 210, 125, 31]","[110, 18, 1, 187, 192]","[182, 195, 178, 104, 74]","[83, 94, 71, 158, 36, 60, 0, 165, 191, 184, 156, 101, 68, 127, 115, 72, 182, 201]"
554,"[[106, 115, 224], [98, 67, 4], [41, 140, 214], [180, 69, 201], [77, 14, 118], [138, 13, 81]]","[[], [], [], [], [], []]","[11, 204, 87, 139, 159]","[113, 138, 212]","[101, 157, 129, 192, 147]","[68, 170, 136, 17, 92]","[179, 171, 122, 66, 204]","[106, 115, 224, 98, 67, 4, 41, 140, 214, 180, 69, 201, 77, 14, 118, 138, 13, 81]"
555,"[[219, 78, 117], [26, 0, 170], [83, 75, 50], [36, 30, 164], [87, 96, 176], [217, 206, 189]]","[[], [], [], [], [], []]","[123, 176, 224, 48, 98]","[165, 104]","[135, 56, 39, 168, 47]","[40, 0, 86, 59, 60]","[81, 107, 157, 224, 218]","[219, 78, 117, 26, 0, 170, 83, 75, 50, 36, 30, 164, 87, 96, 176, 217, 206, 189]"
556,"[[179, 95, 58], [64, 98, 34], [167, 66, 79], [18, 63, 65], [207, 13, 96], [176, 147, 19]]","[[186, 190, 56, 11, 16], [90, 208, 100, 133, 36], [202, 171, 53, 173, 18], [189, 224, 38, 119, 219], [149, 127, 24, 28, 108], [7, 51, 199, 146, 209]]","[171, 211, 110, 205, 185]","[156, 112, 2, 57, 211]","[119, 153, 215, 165, 200]","[131, 0, 23, 90, 105]","[75, 105, 117, 8, 60]","[179, 95, 58, 64, 98, 34, 167, 66, 79, 18, 63, 65, 207, 13, 96, 176, 147, 19]"
557,"[[14, 164, 106], [193, 163, 20], [136, 67, 57], [201, 202, 98], [82, 107, 25], [128, 176, 2]]","[[58, 174, 60, 32], [77, 49, 42, 156], [52, 152, 208, 87], [214, 0, 97, 106], [76, 119, 132, 149], [147, 17, 163, 148]]","[98, 115, 97, 102, 7]","[33, 175]","[16, 66, 3, 155, 73]","[212, 214, 169, 135, 153]","[82, 130, 183, 64, 56]","[14, 164, 106, 193, 163, 20, 136, 67, 57, 201, 202, 98, 82, 107, 25, 128, 176, 2]"
558,"[[184, 110, 20], [153, 207, 214], [91, 9, 32], [111, 73, 128], [141, 105, 134], [59, 50, 107]]","[[30, 49], [27, 133], [174, 141], [217, 96], [104, 132], [82, 2]]","[130, 216, 144, 82, 127]","[145, 191]","[151, 25, 40, 99, 207]","[49, 52, 5, 158, 96]","[181, 83, 22, 215, 49]","[184, 110, 20, 153, 207, 214, 91, 9, 32, 111, 73, 128, 141, 105, 134, 59, 50, 107]"
559,"[[156, 36, 105], [97, 12, 178], [69, 159, 205], [114, 72, 55], [6, 144, 194], [193, 198, 134]]","[[], [], [], [], [], []]","[150, 59, 148, 49, 42]","[153, 184, 170]","[89, 84, 8, 13, 54]","[192, 167, 112, 73, 174]","[191, 59, 195, 125, 72]","[156, 36, 105, 97, 12, 178, 69, 159, 205, 114, 72, 55, 6, 144, 194, 193, 198, 134]"
560,"[[104, 224, 93], [215, 174, 204], [151, 176, 169], [83, 146, 102], [141, 128, 63], [54, 180, 197]]","[[30, 117, 17], [41, 81, 203], [176, 126, 170], [175, 24, 17], [117, 157, 73], [90, 147, 14]]","[77, 195, 94, 1, 13]","[126, 100, 17, 115, 202]","[215, 130, 89, 165, 76]","[28, 51, 110, 20, 12]","[218, 173, 150, 39, 5]","[104, 224, 93, 215, 174, 204, 151, 176, 169, 83, 146, 102, 141, 128, 63, 54, 180, 197]"
561,"[[140, 96, 124], [56, 52, 174], [209, 106, 81], [32, 167, 193], [173, 126, 18], [202, 108, 16]]","[[], [], [], [], [], []]","[57, 23, 85, 128, 198]",[99],"[61, 73, 23, 182, 218]","[61, 41, 223, 200, 141]","[172, 181, 24, 17, 149]","[140, 96, 124, 56, 52, 174, 209, 106, 81, 32, 167, 193, 173, 126, 18, 202, 108, 16]"
562,"[[84, 106, 42], [224, 63, 75], [112, 68, 135], [80, 16, 5], [159, 161, 115], [66, 64, 34]]","[[209, 87, 207, 126], [160, 173, 42, 22], [40, 224, 53, 133], [4, 29, 25, 58], [25, 195, 13, 117], [35, 53, 164, 166]]","[53, 92, 88, 181, 157]",[],"[167, 62, 197, 113, 50]","[125, 194, 117, 36, 32]","[8, 128, 169, 60, 205]","[84, 106, 42, 224, 63, 75, 112, 68, 135, 80, 16, 5, 159, 161, 115, 66, 64, 34]"
563,"[[111, 150, 54], [69, 14, 111], [195, 64, 167], [19, 124, 138], [5, 70, 195], [47, 51, 214]]","[[66], [188], [65], [123], [197], [17]]","[108, 55, 47, 85, 159]","[21, 151]","[132, 89, 156, 54, 23]","[142, 70, 25, 37, 175]","[85, 36, 162, 178, 20]","[111, 150, 54, 69, 14, 111, 195, 64, 167, 19, 124, 138, 5, 70, 195, 47, 51, 214]"
564,"[[14, 70, 186], [112, 191, 213], [214, 149, 170], [70, 109, 140], [30, 186, 212], [99, 74, 210]]","[[203, 31], [54, 117], [125, 47], [142, 205], [129, 141], [175, 201]]","[224, 92, 66, 43, 152]",[220],"[221, 157, 203, 108, 104]","[14, 154, 27, 145, 148]","[64, 198, 112, 31, 155]","[14, 70, 186, 112, 191, 213, 214, 149, 170, 70, 109, 140, 30, 186, 212, 99, 74, 210]"
565,"[[91, 219, 12], [55, 82, 121], [14, 9, 131], [27, 48, 128], [166, 143, 52], [87, 216, 99]]","[[], [], [], [], [], []]","[15, 35, 104, 14, 87]","[112, 73]","[163, 205, 90, 151, 170]","[101, 85, 188, 18, 118]","[12, 31, 171, 214, 220]","[91, 219, 12, 55, 82, 121, 14, 9, 131, 27, 48, 128, 166, 143, 52, 87, 216, 99]"
566,"[[145, 84, 48], [121, 215, 100], [89, 217, 172], [105, 136, 126], [29, 165, 107], [29, 171, 61]]","[[66, 79, 71, 92, 44], [109, 60, 43, 101, 214], [61, 54, 123, 8, 20], [182, 46, 221, 176, 121], [179, 33, 50, 217, 41], [76, 11, 19, 118, 25]]","[43, 116, 192, 3, 143]","[97, 57, 5]","[0, 31, 89, 199, 28]","[187, 146, 211, 106, 114]","[95, 160, 28, 119, 115]","[145, 84, 48, 121, 215, 100, 89, 217, 172, 105, 136, 126, 29, 165, 107, 29, 171, 61]"
567,"[[219, 29, 74], [55, 56, 112], [109, 203, 17], [115, 73, 94], [200, 181, 220], [210, 11, 197]]","[[22, 160], [204, 110], [178, 134], [117, 149], [116, 193], [83, 163]]","[4, 215, 40, 62, 54]","[40, 3, 2, 222, 42]","[96, 167, 158, 32, 194]","[43, 73, 20, 209, 95]","[8, 95, 5, 86, 181]","[219, 29, 74, 55, 56, 112, 109, 203, 17, 115, 73, 94, 200, 181, 220, 210, 11, 197]"
568,"[[177, 19, 87], [127, 97, 197], [169, 5, 27], [184, 40, 144], [0, 186, 8], [91, 210, 207]]","[[51, 69], [78, 28], [25, 144], [53, 60], [193, 174], [182, 25]]","[83, 167, 4, 127, 116]","[51, 155, 93, 103, 100]","[180, 83, 198, 6, 158]","[82, 12, 174, 72, 92]","[127, 105, 178, 196, 136]","[177, 19, 87, 127, 97, 197, 169, 5, 27, 184, 40, 144, 0, 186, 8, 91, 210, 207]"
569,"[[31, 86, 151], [44, 197, 158], [154, 172, 89], [197, 95, 214], [129, 0, 108], [189, 218, 170]]","[[70], [53], [126], [20], [133], [179]]","[69, 68, 162, 215, 109]",[],"[206, 175, 145, 199, 71]","[182, 153, 170, 95, 208]","[9, 160, 20, 85, 149]","[31, 86, 151, 44, 197, 158, 154, 172, 89, 197, 95, 214, 129, 0, 108, 189, 218, 170]"
570,"[[146, 89, 100], [215, 9, 196], [222, 79, 34], [111, 217, 49], [23, 90, 20], [7, 47, 87]]","[[], [], [], [], [], []]","[218, 77, 177, 172, 164]","[203, 189, 125]","[8, 29, 81, 195, 223]","[66, 157, 156, 161, 83]","[13, 21, 92, 166, 201]","[146, 89, 100, 215, 9, 196, 222, 79, 34, 111, 217, 49, 23, 90, 20, 7, 47, 87]"
571,"[[127, 3, 178], [55, 220, 51], [144, 138, 162], [17, 31, 111], [205, 50, 40], [95, 176, 15]]","[[211, 5], [22, 56], [87, 122], [16, 116], [153, 95], [183, 165]]","[65, 217, 176, 165, 155]","[185, 4, 195, 20]","[222, 159, 142, 62, 101]","[152, 80, 120, 203, 99]","[176, 51, 188, 179, 148]","[127, 3, 178, 55, 220, 51, 144, 138, 162, 17, 31, 111, 205, 50, 40, 95, 176, 15]"
572,"[[182, 44, 60], [7, 216, 44], [6, 201, 15], [142, 153, 122], [1, 113, 87], [99, 169, 167]]","[[177, 164, 46, 57, 167], [119, 67, 23, 56, 172], [203, 58, 91, 152, 102], [211, 100, 203, 92, 146], [177, 49, 191, 171, 112], [38, 16, 37, 187, 94]]","[55, 87, 119, 170, 182]","[1, 141, 149, 14, 142]","[7, 169, 133, 33, 218]","[222, 73, 12, 26, 126]","[27, 157, 70, 71, 62]","[182, 44, 60, 7, 216, 44, 6, 201, 15, 142, 153, 122, 1, 113, 87, 99, 169, 167]"
573,"[[83, 193, 178], [81, 51, 79], [100, 195, 150], [154, 136, 94], [54, 77, 180], [145, 38, 152]]","[[], [], [], [], [], []]","[73, 194, 69, 18, 23]","[68, 160, 3, 164]","[176, 92, 99, 78, 49]","[140, 124, 176, 120, 164]","[112, 77, 82, 72, 29]","[83, 193, 178, 81, 51, 79, 100, 195, 150, 154, 136, 94, 54, 77, 180, 145, 38, 152]"
574,"[[176, 199, 177], [79, 131, 3], [32, 160, 41], [43, 5, 76], [59, 77, 49], [209, 186, 11]]","[[76, 14, 195, 158], [2, 80, 148, 75], [70, 123, 208, 9], [119, 172, 224, 168], [21, 177, 59, 23], [219, 57, 184, 14]]","[172, 31, 223, 122, 22]",[],"[29, 82, 74, 3, 94]","[212, 202, 126, 79, 174]","[60, 30, 33, 25, 97]","[176, 199, 177, 79, 131, 3, 32, 160, 41, 43, 5, 76, 59, 77, 49, 209, 186, 11]"
575,"[[154, 76, 188], [16, 155, 164], [100, 97, 146], [18, 56, 84], [161, 120, 160], [12, 100, 9]]","[[94, 210], [165, 50], [104, 212], [177, 149], [31, 181], [101, 139]]","[76, 124, 170, 13, 58]",[],"[187, 144, 1, 91, 164]","[66, 169, 121, 94, 197]","[82, 166, 215, 11, 129]","[154, 76, 188, 16, 155, 164, 100, 97, 146, 18, 56, 84, 161, 120, 160, 12, 100, 9]"
576,"[[208, 117, 82], [130, 121, 147], [106, 166, 129], [79, 144, 96], [198, 7, 161], [46, 86, 203]]","[[176, 156, 26], [133, 179, 0], [92, 64, 54], [28, 190, 63], [188, 28, 193], [127, 154, 198]]","[42, 112, 105, 50, 159]",[21],"[109, 147, 140, 108, 187]","[211, 177, 184, 198, 47]","[189, 115, 173, 141, 151]","[208, 117, 82, 130, 121, 147, 106, 166, 129, 79, 144, 96, 198, 7, 161, 46, 86, 203]"
577,"[[13, 143, 34], [172, 177, 109], [78, 156, 64], [72, 25, 84], [39, 81, 181], [71, 164, 216]]","[[157, 185, 10, 170, 91], [122, 212, 52, 215, 16], [58, 220, 102, 55, 34], [129, 133, 45, 16, 179], [75, 133, 31, 67, 106], [190, 181, 184, 216, 173]]","[106, 54, 219, 107, 1]","[174, 93, 115]","[203, 109, 64, 190, 65]","[4, 188, 26, 47, 112]","[182, 6, 56, 69, 151]","[13, 143, 34, 172, 177, 109, 78, 156, 64, 72, 25, 84, 39, 81, 181, 71, 164, 216]"
578,"[[199, 120, 151], [170, 117, 208], [183, 23, 64], [94, 17, 62], [211, 135, 111], [29, 202, 119]]","[[111, 47, 207, 214, 109], [59, 124, 82, 7, 157], [126, 124, 147, 181, 30], [129, 199, 79, 11, 113], [162, 136, 133, 219, 115], [117, 173, 99, 33, 199]]","[162, 66, 143, 113, 169]","[211, 61]","[33, 115, 116, 50, 139]","[174, 28, 30, 94, 16]","[90, 42, 141, 69, 173]","[199, 120, 151, 170, 117, 208, 183, 23, 64, 94, 17, 62, 211, 135, 111, 29, 202, 119]"
579,"[[12, 148, 65], [114, 61, 124], [130, 24, 94], [173, 197, 116], [54, 94, 217], [82, 113, 49]]","[[132, 148], [94, 116], [146, 220], [40, 79], [142, 137], [141, 105]]","[94, 205, 57, 51, 6]",[],"[85, 22, 203, 158, 47]","[24, 59, 129, 209, 54]","[43, 47, 130, 13, 166]","[12, 148, 65, 114, 61, 124, 130, 24, 94, 173, 197, 116, 54, 94, 217, 82, 113, 49]"
580,"[[137, 131, 121], [170, 176, 56], [154, 36, 141], [126, 165, 21], [95, 217, 42], [63, 153, 215]]","[[172], [27], [172], [109], [151], [194]]","[219, 70, 160, 156, 221]","[135, 136, 124, 125]","[137, 202, 175, 3, 146]","[211, 120, 152, 78, 51]","[205, 180, 99, 129, 219]","[137, 131, 121, 170, 176, 56, 154, 36, 141, 126, 165, 21, 95, 217, 42, 63, 153, 215]"
581,"[[121, 51, 212], [208, 156, 220], [205, 39, 52], [49, 88, 97], [164, 210, 10], [218, 27, 89]]","[[58], [153], [96], [143], [108], [11]]","[22, 181, 3, 177, 178]","[84, 59]","[197, 69, 216, 22, 101]","[94, 60, 45, 158, 128]","[200, 140, 53, 136, 182]","[121, 51, 212, 208, 156, 220, 205, 39, 52, 49, 88, 97, 164, 210, 10, 218, 27, 89]"
582,"[[155, 83, 210], [114, 20, 195], [67, 10, 11], [150, 10, 96], [2, 36, 205], [12, 121, 14]]","[[133, 135], [206, 200], [153, 158], [87, 9], [113, 200], [50, 166]]","[74, 32, 94, 36, 35]","[219, 85]","[86, 41, 14, 59, 20]","[0, 99, 188, 191, 58]","[25, 150, 33, 8, 16]","[155, 83, 210, 114, 20, 195, 67, 10, 11, 150, 10, 96, 2, 36, 205, 12, 121, 14]"
583,"[[52, 95, 200], [179, 67, 10], [80, 211, 115], [93, 203, 24], [85, 155, 140], [26, 116, 121]]","[[], [], [], [], [], []]","[97, 65, 159, 35, 140]",[174],"[47, 197, 103, 208, 12]","[143, 162, 81, 77, 99]","[203, 38, 196, 137, 139]","[52, 95, 200, 179, 67, 10, 80, 211, 115, 93, 203, 24, 85, 155, 140, 26, 116, 121]"
584,"[[221, 127, 215], [123, 160, 87], [19, 5, 152], [216, 26, 33], [143, 105, 222], [67, 123, 149]]","[[115, 84, 188, 66, 165], [6, 220, 101, 160, 115], [77, 16, 204, 2, 172], [120, 185, 208, 71, 164], [151, 145, 200, 148, 106], [181, 140, 32, 120, 35]]","[19, 50, 169, 30, 122]","[145, 53, 176, 97]","[53, 105, 181, 58, 174]","[131, 221, 124, 19, 191]","[81, 61, 159, 41, 14]","[221, 127, 215, 123, 160, 87, 19, 5, 152, 216, 26, 33, 143, 105, 222, 67, 123, 149]"
585,"[[78, 220, 152], [105, 30, 104], [16, 68, 213], [87, 4, 218], [70, 203, 88], [151, 58, 161]]","[[95, 164], [83, 79], [46, 2], [197, 15], [28, 93], [89, 193]]","[11, 23, 219, 187, 96]",[],"[2, 146, 22, 132, 166]","[173, 36, 152, 139, 83]","[210, 24, 195, 96, 157]","[78, 220, 152, 105, 30, 104, 16, 68, 213, 87, 4, 218, 70, 203, 88, 151, 58, 161]"
586,"[[25, 68, 40], [176, 166, 218], [97, 22, 162], [55, 26, 9], [20, 222, 152], [123, 119, 181]]","[[113], [9], [172], [15], [181], [131]]","[9, 85, 169, 7, 70]","[220, 114, 206, 186, 43]","[38, 88, 178, 94, 104]","[201, 196, 160, 26, 186]","[25, 201, 24, 218, 9]","[25, 68, 40, 176, 166, 218, 97, 22, 162, 55, 26, 9, 20, 222, 152, 123, 119, 181]"
587,"[[218, 176, 59], [112, 53, 169], [220, 51, 7], [212, 103, 56], [90, 23, 24], [19, 53, 186]]","[[177, 55, 57, 158], [29, 10, 73, 181], [73, 9, 204, 59], [111, 70, 110, 10], [96, 132, 59, 30], [168, 115, 129, 95]]","[74, 37, 61, 9, 59]","[116, 220, 11]","[130, 146, 97, 187, 175]","[112, 34, 171, 118, 180]","[208, 4, 194, 9, 7]","[218, 176, 59, 112, 53, 169, 220, 51, 7, 212, 103, 56, 90, 23, 24, 19, 53, 186]"
588,"[[68, 100, 52], [200, 212, 26], [224, 128, 155], [184, 221, 94], [117, 100, 103], [166, 186, 192]]","[[], [], [], [], [], []]","[211, 63, 98, 74, 87]","[74, 14, 93]","[109, 221, 56, 201, 177]","[145, 82, 25, 10, 30]","[51, 219, 14, 137, 56]","[68, 100, 52, 200, 212, 26, 224, 128, 155, 184, 221, 94, 117, 100, 103, 166, 186, 192]"
589,"[[224, 64, 212], [0, 2, 48], [22, 0, 6], [71, 178, 147], [136, 146, 178], [20, 220, 154]]","[[119, 209, 98, 165], [214, 208, 31, 205], [20, 28, 198, 129], [102, 213, 212, 25], [146, 165, 167, 83], [32, 62, 112, 40]]","[84, 167, 186, 70, 160]","[134, 132, 23]","[71, 187, 102, 142, 40]","[212, 63, 194, 156, 164]","[104, 74, 54, 90, 25]","[224, 64, 212, 0, 2, 48, 22, 0, 6, 71, 178, 147, 136, 146, 178, 20, 220, 154]"
590,"[[80, 14, 120], [185, 196, 152], [191, 70, 52], [128, 5, 84], [168, 211, 154], [63, 207, 181]]","[[8, 67], [26, 145], [104, 79], [25, 68], [166, 213], [172, 47]]","[86, 48, 101, 78, 66]","[96, 153, 157]","[84, 25, 77, 81, 196]","[161, 73, 19, 127, 42]","[98, 191, 33, 93, 132]","[80, 14, 120, 185, 196, 152, 191, 70, 52, 128, 5, 84, 168, 211, 154, 63, 207, 181]"
591,"[[91, 82, 218], [30, 89, 6], [185, 91, 220], [130, 50, 201], [140, 144, 131], [79, 29, 149]]","[[10], [75], [1], [66], [156], [84]]","[198, 140, 155, 192, 111]","[48, 95, 118, 141]","[59, 138, 205, 119, 91]","[3, 124, 205, 144, 52]","[8, 22, 195, 178, 58]","[91, 82, 218, 30, 89, 6, 185, 91, 220, 130, 50, 201, 140, 144, 131, 79, 29, 149]"
592,"[[179, 193, 21], [191, 114, 47], [17, 133, 173], [182, 147, 160], [117, 67, 118], [138, 181, 29]]","[[105, 84, 39], [62, 89, 191], [39, 118, 13], [5, 151, 212], [46, 71, 104], [220, 112, 66]]","[73, 44, 24, 49, 89]",[],"[103, 224, 84, 52, 177]","[109, 217, 160, 215, 85]","[153, 176, 53, 15, 28]","[179, 193, 21, 191, 114, 47, 17, 133, 173, 182, 147, 160, 117, 67, 118, 138, 181, 29]"
593,"[[202, 172, 70], [200, 190, 120], [74, 113, 204], [62, 127, 202], [114, 217, 133], [148, 21, 46]]","[[113], [129], [221], [215], [193], [172]]","[78, 54, 40, 212, 151]","[61, 52]","[102, 68, 80, 216, 186]","[144, 2, 168, 22, 146]","[75, 156, 4, 21, 126]","[202, 172, 70, 200, 190, 120, 74, 113, 204, 62, 127, 202, 114, 217, 133, 148, 21, 46]"
594,"[[67, 161, 34], [199, 176, 31], [148, 192, 113], [162, 125, 154], [159, 42, 15], [144, 161, 160]]","[[48, 18, 94], [11, 76, 205], [19, 103, 202], [167, 109, 2], [216, 200, 144], [34, 209, 118]]","[115, 85, 24, 121, 51]","[174, 192, 209]","[49, 157, 182, 199, 189]","[8, 177, 148, 190, 180]","[107, 222, 106, 64, 124]","[67, 161, 34, 199, 176, 31, 148, 192, 113, 162, 125, 154, 159, 42, 15, 144, 161, 160]"
595,"[[21, 157, 142], [28, 17, 50], [86, 9, 120], [99, 178, 19], [92, 52, 111], [70, 120, 66]]","[[], [], [], [], [], []]","[26, 138, 142, 132, 168]",[47],"[181, 37, 8, 201, 189]","[29, 30, 123, 72, 140]","[63, 209, 184, 193, 86]","[21, 157, 142, 28, 17, 50, 86, 9, 120, 99, 178, 19, 92, 52, 111, 70, 120, 66]"
596,"[[132, 23, 161], [103, 148, 215], [153, 64, 37], [145, 95, 53], [32, 202, 150], [223, 103, 25]]","[[64, 80, 111, 120], [160, 192, 159, 213], [96, 44, 60, 59], [106, 39, 124, 162], [20, 173, 32, 114], [121, 205, 173, 122]]","[99, 146, 194, 91, 216]","[22, 176, 201]","[217, 51, 137, 163, 181]","[18, 215, 79, 15, 73]","[67, 18, 60, 196, 10]","[132, 23, 161, 103, 148, 215, 153, 64, 37, 145, 95, 53, 32, 202, 150, 223, 103, 25]"
597,"[[13, 82, 1], [116, 36, 38], [127, 82, 0], [26, 7, 196], [177, 50, 46], [71, 57, 91]]","[[11, 1], [43, 12], [22, 87], [211, 69], [57, 4], [7, 109]]","[142, 209, 7, 138, 54]",[49],"[92, 144, 134, 57, 61]","[156, 101, 153, 13, 138]","[201, 99, 111, 31, 30]","[13, 82, 1, 116, 36, 38, 127, 82, 0, 26, 7, 196, 177, 50, 46, 71, 57, 91]"
598,"[[108, 120, 97], [148, 55, 224], [34, 137, 141], [28, 7, 204], [74, 156, 118], [170, 121, 9]]","[[98, 224], [20, 76], [10, 203], [202, 206], [12, 197], [97, 87]]","[69, 53, 1, 56, 210]","[45, 41, 207, 218]","[153, 112, 203, 22, 188]","[211, 207, 164, 2, 221]","[62, 22, 189, 107, 10]","[108, 120, 97, 148, 55, 224, 34, 137, 141, 28, 7, 204, 74, 156, 118, 170, 121, 9]"
599,"[[18, 119, 138], [1, 154, 86], [174, 105, 94], [207, 5, 159], [26, 48, 50], [221, 138, 93]]","[[57, 192, 196, 83, 140], [115, 136, 21, 153, 82], [59, 22, 159, 108, 52], [51, 18, 4, 195, 117], [93, 78, 155, 82, 123], [28, 172, 69, 78, 222]]","[197, 150, 44, 12, 180]","[60, 93]","[77, 175, 49, 58, 92]","[23, 180, 162, 194, 77]","[48, 194, 60, 123, 32]","[18, 119, 138, 1, 154, 86, 174, 105, 94, 207, 5, 159, 26, 48, 50, 221, 138, 93]"
600,"[[0, 159, 155], [122, 160, 220], [61, 33, 164], [13, 180, 223], [169, 51, 200], [88, 22, 49]]","[[98, 72], [197, 141], [186, 189], [35, 29], [52, 100], [54, 102]]","[147, 107, 183, 135, 138]","[42, 209, 48, 207]","[18, 202, 15, 48, 186]","[46, 86, 154, 218, 99]","[207, 42, 152, 50, 131]","[0, 159, 155, 122, 160, 220, 61, 33, 164, 13, 180, 223, 169, 51, 200, 88, 22, 49]"
601,"[[159, 97, 194], [176, 16, 156], [153, 220, 109], [204, 167, 56], [9, 47, 137], [188, 100, 134]]","[[212, 131, 177, 55, 194], [211, 221, 31, 183, 119], [116, 144, 35, 170, 163], [4, 29, 81, 96, 114], [129, 123, 112, 203, 22], [125, 206, 167, 30, 152]]","[196, 211, 33, 49, 82]","[6, 204, 64]","[189, 149, 66, 166, 53]","[174, 107, 13, 208, 143]","[120, 24, 78, 100, 58]","[159, 97, 194, 176, 16, 156, 153, 220, 109, 204, 167, 56, 9, 47, 137, 188, 100, 134]"
602,"[[81, 184, 206], [177, 85, 183], [155, 109, 146], [181, 122, 38], [141, 198, 35], [44, 90, 70]]","[[39, 199], [96, 113], [162, 104], [65, 86], [202, 38], [195, 47]]","[206, 8, 213, 219, 172]","[102, 44, 175]","[130, 100, 190, 33, 81]","[145, 92, 80, 217, 54]","[92, 158, 164, 0, 165]","[81, 184, 206, 177, 85, 183, 155, 109, 146, 181, 122, 38, 141, 198, 35, 44, 90, 70]"
